{
  "selected_features": [
    "blueKills",
    "redKills",
    "blueGoldDiff",
    "blueExperienceDiff",
    "blueDragons",
    "redDragons",
    "blueHeralds",
    "redHeralds"
  ],
  "best_model": "SVC",
  "accuracy": 0.7176113360323887,
  "precision": 0.7131474103585658,
  "recall": 0.7261663286004056,
  "f1_score": 0.7195979899497488,
  "confusion_matrix": [
    [
      702,
      288
    ],
    [
      270,
      716
    ]
  ],
  "comparison": [
    {
      "model": "KNeighborsClassifier",
      "cv_best_f1": 0.7135138162835573,
      "test_accuracy": 0.7064777327935222,
      "test_precision": 0.7063008130081301,
      "test_recall": 0.704868154158215,
      "test_f1": 0.7055837563451777,
      "best_params": {
        "model__n_neighbors": 15,
        "model__p": 2,
        "model__weights": "uniform"
      }
    },
    {
      "model": "DecisionTreeClassifier",
      "cv_best_f1": 0.7220480398569288,
      "test_accuracy": 0.7196356275303644,
      "test_precision": 0.7337662337662337,
      "test_recall": 0.6876267748478702,
      "test_f1": 0.7099476439790576,
      "best_params": {
        "model__criterion": "gini",
        "model__max_depth": 5,
        "model__min_samples_leaf": 10,
        "model__min_samples_split": 2
      }
    },
    {
      "model": "GaussianNB",
      "cv_best_f1": 0.7301782425780692,
      "test_accuracy": 0.7165991902834008,
      "test_precision": 0.7182377049180327,
      "test_recall": 0.7109533468559838,
      "test_f1": 0.7145769622833843,
      "best_params": {
        "model__var_smoothing": 1e-07
      }
    },
    {
      "model": "SVC",
      "cv_best_f1": 0.734676870520349,
      "test_accuracy": 0.7176113360323887,
      "test_precision": 0.7131474103585658,
      "test_recall": 0.7261663286004056,
      "test_f1": 0.7195979899497488,
      "best_params": {
        "model__C": 0.1,
        "model__gamma": "scale",
        "model__kernel": "linear"
      }
    }
  ],
  "test_size": 0.2,
  "random_state": 42,
  "cv_folds": 5
}